{
  "opencl": [
    1582.876953,
    1750.291992,
    1566.245972,
    1557.828979,
    1551.85498,
    1556.041016,
    1546.282959,
    1551.619019,
    1576.624023,
    1554.093994
  ],
  "seq": [
    26956.542969,
    26646.726562,
    26104.203125,
    26025.798828,
    26060.746094,
    26151.939453,
    26036.974609,
    26212.457031,
    26105.474609,
    26075.458984
  ],
  "skelcl": [
    3418.676025,
    3746.950928,
    3374.749023,
    3337.452881,
    3329.052979,
    3346.341064,
    3358.699951,
    3369.735107,
    3322.525879,
    3375.503906
  ]
}