{
  "opencl": [
    40.269001,
    40.247002,
    41.370998,
    41.187,
    41.550999,
    41.341,
    41.469002,
    41.331001,
    41.266998,
    41.346001
  ],
  "seq": [
    18272.476562,
    18277.869141,
    18258.511719,
    18272.162109,
    18272.818359,
    18253.964844,
    18280.255859,
    18259.005859,
    18253.291016,
    18274.099609
  ],
  "skelcl": [
    85.677002,
    85.719002,
    85.75,
    85.647003,
    85.652,
    85.638,
    85.808998,
    85.587997,
    85.823997,
    85.57
  ]
}