{
  "CannyEdgeDetection": {
    "instructions (of all types)": 589,
    "ratio AShr insts": 0.042444821731748725,
    "ratio Add insts": 0.2563667232597623,
    "ratio Alloca insts": 0,
    "ratio And insts": 0.003395585738539898,
    "ratio Br insts": 0.044142614601018676,
    "ratio Call insts": 0.21731748726655348,
    "ratio FAdd insts": 0.006791171477079796,
    "ratio FCmp insts": 0.023769100169779286,
    "ratio FDiv insts": 0.001697792869269949,
    "ratio FMul insts": 0.0050933786078098476,
    "ratio FPExt insts": 0,
    "ratio FPToSI insts": 0.0050933786078098476,
    "ratio FSub insts": 0.010186757215619695,
    "ratio GetElementPtr insts": 0.06112054329371817,
    "ratio ICmp insts": 0.01867572156196944,
    "ratio InsertValue insts": 0,
    "ratio Load insts": 0.100169779286927,
    "ratio Mul insts": 0.05602716468590832,
    "ratio Or insts": 0.006791171477079796,
    "ratio PHI insts": 0.025466893039049237,
    "ratio Ret insts": 0.01697792869269949,
    "ratio SDiv insts": 0.001697792869269949,
    "ratio SExt insts": 0.010186757215619695,
    "ratio SIToFP insts": 0.008488964346349746,
    "ratio SRem insts": 0,
    "ratio Select insts": 0.003395585738539898,
    "ratio Shl insts": 0.042444821731748725,
    "ratio Store insts": 0,
    "ratio Sub insts": 0.022071307300509338,
    "ratio Trunc insts": 0.001697792869269949,
    "ratio UDiv insts": 0,
    "ratio Xor insts": 0,
    "ratio ZExt insts": 0.008488964346349746,
    "ratio basic blocks": 0.06112054329371817,
    "ratio memory instructions": 0.37860780984719866,
    "ratio non-external functions": 0.01697792869269949
  },
  "FDTD": {
    "instructions (of all types)": 1159,
    "ratio AShr insts": 0.023295944779982744,
    "ratio Add insts": 0.08628127696289906,
    "ratio Alloca insts": 0,
    "ratio And insts": 0.0025884383088869713,
    "ratio Br insts": 0.06988783433994823,
    "ratio Call insts": 0.14754098360655737,
    "ratio FAdd insts": 0.04400345125107852,
    "ratio FCmp insts": 0.015530629853321829,
    "ratio FDiv insts": 0.04400345125107852,
    "ratio FMul insts": 0.11130284728213978,
    "ratio FPExt insts": 0,
    "ratio FPToSI insts": 0,
    "ratio FSub insts": 0.023295944779982744,
    "ratio GetElementPtr insts": 0.054357204486626405,
    "ratio ICmp insts": 0.04141501294219154,
    "ratio InsertValue insts": 0.04141501294219154,
    "ratio Load insts": 0.06471095772217429,
    "ratio Mul insts": 0.025884383088869714,
    "ratio Or insts": 0,
    "ratio PHI insts": 0.054357204486626405,
    "ratio Ret insts": 0.012942191544434857,
    "ratio SDiv insts": 0,
    "ratio SExt insts": 0.0025884383088869713,
    "ratio SIToFP insts": 0.02070750647109577,
    "ratio SRem insts": 0,
    "ratio Select insts": 0.0181190681622088,
    "ratio Shl insts": 0.025884383088869714,
    "ratio Store insts": 0,
    "ratio Sub insts": 0.04141501294219154,
    "ratio Trunc insts": 0.015530629853321829,
    "ratio UDiv insts": 0,
    "ratio Xor insts": 0.005176876617773943,
    "ratio ZExt insts": 0.007765314926660914,
    "ratio basic blocks": 0.08283002588438308,
    "ratio memory instructions": 0.26660914581535805,
    "ratio non-external functions": 0.012942191544434857
  },
  "GaussianBlur": {
    "instructions (of all types)": 176,
    "ratio AShr insts": 0.022727272727272728,
    "ratio Add insts": 0.20454545454545456,
    "ratio Alloca insts": 0,
    "ratio And insts": 0,
    "ratio Br insts": 0.06818181818181818,
    "ratio Call insts": 0.11363636363636363,
    "ratio FAdd insts": 0.022727272727272728,
    "ratio FCmp insts": 0,
    "ratio FDiv insts": 0.011363636363636364,
    "ratio FMul insts": 0.011363636363636364,
    "ratio FPExt insts": 0,
    "ratio FPToSI insts": 0.011363636363636364,
    "ratio FSub insts": 0,
    "ratio GetElementPtr insts": 0.056818181818181816,
    "ratio ICmp insts": 0.03409090909090909,
    "ratio InsertValue insts": 0,
    "ratio Load insts": 0.056818181818181816,
    "ratio Mul insts": 0.06818181818181818,
    "ratio Or insts": 0,
    "ratio PHI insts": 0.13636363636363635,
    "ratio Ret insts": 0.022727272727272728,
    "ratio SDiv insts": 0.011363636363636364,
    "ratio SExt insts": 0.045454545454545456,
    "ratio SIToFP insts": 0,
    "ratio SRem insts": 0,
    "ratio Select insts": 0,
    "ratio Shl insts": 0.022727272727272728,
    "ratio Store insts": 0,
    "ratio Sub insts": 0.03409090909090909,
    "ratio Trunc insts": 0.011363636363636364,
    "ratio UDiv insts": 0,
    "ratio Xor insts": 0,
    "ratio ZExt insts": 0.03409090909090909,
    "ratio basic blocks": 0.09090909090909091,
    "ratio memory instructions": 0.22727272727272727,
    "ratio non-external functions": 0.022727272727272728
  },
  "GameOfLife": {
    "instructions (of all types)": 380,
    "ratio AShr insts": 0.05263157894736842,
    "ratio Add insts": 0.32105263157894737,
    "ratio Alloca insts": 0,
    "ratio And insts": 0.005263157894736842,
    "ratio Br insts": 0.010526315789473684,
    "ratio Call insts": 0.2631578947368421,
    "ratio FAdd insts": 0,
    "ratio FCmp insts": 0,
    "ratio FDiv insts": 0,
    "ratio FMul insts": 0,
    "ratio FPExt insts": 0,
    "ratio FPToSI insts": 0,
    "ratio FSub insts": 0,
    "ratio GetElementPtr insts": 0.06315789473684211,
    "ratio ICmp insts": 0.015789473684210527,
    "ratio InsertValue insts": 0,
    "ratio Load insts": 0.10526315789473684,
    "ratio Mul insts": 0.05789473684210526,
    "ratio Or insts": 0,
    "ratio PHI insts": 0.005263157894736842,
    "ratio Ret insts": 0.010526315789473684,
    "ratio SDiv insts": 0,
    "ratio SExt insts": 0.005263157894736842,
    "ratio SIToFP insts": 0,
    "ratio SRem insts": 0,
    "ratio Select insts": 0,
    "ratio Shl insts": 0.05263157894736842,
    "ratio Store insts": 0,
    "ratio Sub insts": 0.021052631578947368,
    "ratio Trunc insts": 0,
    "ratio UDiv insts": 0,
    "ratio Xor insts": 0,
    "ratio ZExt insts": 0.010526315789473684,
    "ratio basic blocks": 0.021052631578947368,
    "ratio memory instructions": 0.43157894736842106,
    "ratio non-external functions": 0.010526315789473684
  },
  "HeatEquation": {
    "instructions (of all types)": 226,
    "ratio AShr insts": 0.05309734513274336,
    "ratio Add insts": 0.2831858407079646,
    "ratio Alloca insts": 0,
    "ratio And insts": 0,
    "ratio Br insts": 0,
    "ratio Call insts": 0.2743362831858407,
    "ratio FAdd insts": 0.035398230088495575,
    "ratio FCmp insts": 0,
    "ratio FDiv insts": 0,
    "ratio FMul insts": 0.008849557522123894,
    "ratio FPExt insts": 0,
    "ratio FPToSI insts": 0,
    "ratio FSub insts": 0,
    "ratio GetElementPtr insts": 0.07079646017699115,
    "ratio ICmp insts": 0,
    "ratio InsertValue insts": 0,
    "ratio Load insts": 0.10619469026548672,
    "ratio Mul insts": 0.061946902654867256,
    "ratio Or insts": 0,
    "ratio PHI insts": 0,
    "ratio Ret insts": 0.017699115044247787,
    "ratio SDiv insts": 0,
    "ratio SExt insts": 0.008849557522123894,
    "ratio SIToFP insts": 0,
    "ratio SRem insts": 0,
    "ratio Select insts": 0,
    "ratio Shl insts": 0.05309734513274336,
    "ratio Store insts": 0,
    "ratio Sub insts": 0.017699115044247787,
    "ratio Trunc insts": 0,
    "ratio UDiv insts": 0,
    "ratio Xor insts": 0,
    "ratio ZExt insts": 0.008849557522123894,
    "ratio basic blocks": 0.017699115044247787,
    "ratio memory instructions": 0.45132743362831856,
    "ratio non-external functions": 0.017699115044247787
  },
  "SimpleBig": {
    "simple": {
      "instructions (of all types)": 197,
      "ratio AShr insts": 0.03553299492385787,
      "ratio Add insts": 0.233502538071066,
      "ratio Alloca insts": 0,
      "ratio And insts": 0.005076142131979695,
      "ratio Br insts": 0.050761421319796954,
      "ratio Call insts": 0.20304568527918782,
      "ratio FAdd insts": 0.02030456852791878,
      "ratio FCmp insts": 0,
      "ratio FDiv insts": 0.01015228426395939,
      "ratio FMul insts": 0.02030456852791878,